Branch,Origin,Destination,ShipmentId,AirwayBillNumber,CarrierCode,LoadPort,OhCode,LegOrder,Flight,Etd,Eta,Ata,AtdCt,AtaCt,JwAtd,DischargePort,IsLinked,CarrierName,ClientName,ConsigneeName,ShipperName,TotalWeight
MIA,US,CN,CMIA00060489,23575664094,235,USHOU,TURAIR_WW,1,TK0034,2022-12-02 20:40:00,2022-12-03 17:20:00,NULL,0,0,NULL,TRISL,1,TURKISH AIRLINES,"SEA PRODUCTS DEVELOPMENT, LLC","GUANGZHOU DONGLAI INTERNATIONAL TRADE CO., LTD","SEA PRODUCTS DEVELOPMENT, LLC",5310.000
MIA,US,CN,CMIA00060485,15781305254,157,USHOU,QATAIR_WW,1,QR0714,2022-12-02 18:10:00,2022-12-03 17:40:00,NULL,0,0,NULL,QADOH,1,QATAR AIRWAYS,"SEA PRODUCTS DEVELOPMENT, LLC","HAINAN GONGYING TRADE CO., LTD.","SEA PRODUCTS DEVELOPMENT, LLC",4500.000
UIO,EC,US,CUIO00060767,72947200904,729,ECUIO,AVICAR_WW,1,QT4040,2022-12-02 10:00:00,2022-12-02 11:30:00,NULL,0,0,NULL,COBOG,1,AVIANCA CARGO,NULL,NULL,NULL,NULL
SFO,US,US,CSFO00060282,01607494550,016,USSFO,UNIAIR_WW,1,UA1273,2022-12-02 09:05:00,2022-12-02 12:25:00,NULL,0,0,NULL,USOGG,1,UNITED AIRLINES,RAINBOW SPECIALTY ORGANIC,RAINBOW SPECIALTY ORGANIC,"JAYLEAF, LLC.",100.000
UIO,EC,NL,CUIO00060823,07561258901,075,ESMAD,IBEAIR_WW,2,IB3722,2022-12-02 08:50:00,2022-12-02 11:30:00,NULL,0,0,NULL,NLAMS,0,IBERIA AIRLINES,NULL,NULL,NULL,NULL
UIO,EC,DE,CUIO00060824,07561258923,075,ESMAD,IBEAIR_WW,2,IB3190,2022-12-02 08:50:00,2022-12-02 11:30:00,NULL,0,0,NULL,DEMUC,0,IBERIA AIRLINES,NULL,NULL,NULL,NULL
MIA,US,CN,CMIA00060821,18011824842,180,KRICN,KORAIR_WW,2,KE0319,2022-12-01 23:30:00,2022-12-02 02:30:00,NULL,0,0,NULL,CNCAN,0,KOREAN AIRLINES,PRIMO BROODSTOCK USA LLC,"SUIXI TENGFEI BIOLOGINAL TECHNOLOGY CO., LTD.",PRIMO BROODSTOCK USA LLC,4550.000
SFO,US,US,CSFO00060080,33730301456,337,USSFO,MNAIRL_WW,1,SY396,2022-12-01 14:50:00,2022-12-01 23:27:00,NULL,0,0,NULL,USMSP,1,MN AIRLINES LLC,BAY AREA HERBS & SPECIALTIES,NUMBER 1 COURIERS,BAY AREA HERBS & SPECIALTIES,300.000
SFO,US,US,CSFO00057352,02763715761,027,USSFO,ALAAIR_WW,1,AS333,2022-12-01 14:00:00,2022-12-01 16:10:00,NULL,0,0,NULL,USSEA,1,ALASKA AIRLINES INC.,BAY AREA HERBS & SPECIALTIES,US FOODS SEATTLE,BAY AREA HERBS & SPECIALTIES,120.000
SFO,US,US,CSFO00058129,00659869725,006,USSFO,DELAIR_WW,1,DL487S,2022-12-01 11:40:00,2022-12-01 20:22:00,NULL,0,0,NULL,USJFK,1,DELTA AIRLINES,"NATOORA (US), INC.","NATOORA (US), INC.","NATOORA (US), INC.",200.000
MIA,US,CN,CMIA00060468,15782330673,157,QADOH,QATAIR_WW,2,QR8028,2022-12-01 10:05:00,2022-12-02 01:15:00,NULL,0,0,NULL,CNCAN,0,QATAR AIRWAYS,"SEA PRODUCTS DEVELOPMENT, LLC","HPL-APOLLO, LLC","SEA PRODUCTS DEVELOPMENT, LLC",4500.000
SFO,US,US,CSFO00060681,01607227566,016,USSFO,UNIAIR_WW,1,UA1273,2022-12-01 09:05:00,2022-12-01 12:25:00,NULL,0,0,NULL,USOGG,1,UNITED AIRLINES,"MANA HEALTH FOODS, INC. DBA MANA FOODS","MANA HEALTH FOODS, INC. DBA MANA FOODS",VERITABLE VEGETABLE,0.000
SFO,US,US,CSFO00060272,01607494642,016,USSFO,UNIAIR_WW,1,UA1273,2022-12-01 09:05:00,2022-12-01 12:25:00,NULL,0,0,NULL,USOGG,1,UNITED AIRLINES,RAINBOW SPECIALTY ORGANIC,RAINBOW SPECIALTY ORGANIC,"JAYLEAF, LLC.",100.000
SFO,US,US,CSFO00060678,17334448072,173,USHNL,HAWAIR_WW,2,KH001,2022-12-01 04:00:00,2022-12-01 06:00:00,NULL,0,0,NULL,USLIH,0,HAWAIIAN AIRLINES,HEALTHY FOODS LLC,HEALTHY FOODS LLC,VERITABLE VEGETABLE,0.000
MIA,US,CN,CMIA00060788,18011824654,180,KRICN,KORAIR_WW,2,,2022-11-30 23:30:00,2022-12-01 02:30:00,NULL,0,0,NULL,CNCAN,0,KOREAN AIRLINES,NULL,NULL,NULL,NULL
UIO,EC,US,CUIO00059954,99263063464,992,ECUIO,DHLAER_WW,1,DE1510,2022-11-30 22:05:00,2022-12-01 03:00:00,NULL,0,0,NULL,USMIA,1,DHL AERO EXPRESO S.A.,NULL,NULL,NULL,NULL
UIO,EC,DE,CUIO00060824,07561258923,075,ECGYE,IBEAIR_WW,1,IB6460,2022-11-30 21:00:00,2022-12-01 13:50:00,NULL,0,0,NULL,ESMAD,0,IBERIA AIRLINES,NULL,NULL,NULL,NULL
UIO,EC,NL,CUIO00060823,07561258901,075,ECGYE,IBEAIR_WW,1,IB6460,2022-11-30 21:00:00,2022-12-01 13:50:00,NULL,0,0,NULL,ESMAD,0,IBERIA AIRLINES,NULL,NULL,NULL,NULL
MIA,US,JP,CMIA00060811,18011824735,180,JPKKJ,KORAIR_WW,3,KE4769,2022-11-30 18:30:00,2022-11-30 20:00:00,NULL,0,0,NULL,JPFUK,0,KOREAN AIRLINES,INTERANDINA INTERNACIONAL S.A.S,H.M. AOYAGI LTD,INTERANDINA INTERNACIONAL S.A.S,0.000
UIO,EC,US,CUIO00059403,72947200580,729,COBOG,AVICAR_WW,2,QT0084,2022-11-30 18:30:00,2022-11-30 22:30:00,NULL,0,0,NULL,USLAX,1,AVIANCA CARGO,NULL,NULL,NULL,NULL
MIA,US,JP,CMIA00060813,18011824783,180,JPKKJ,KORAIR_WW,3,KE4769,2022-11-30 18:30:00,2022-11-30 20:00:00,NULL,0,0,NULL,JPFUK,0,KOREAN AIRLINES,DSV AIR & SEA S.A.S.,H.M. AOYAGI LTD,DSV AIR & SEA S.A.S.,0.000
SFO,US,US,CSFO00060832,01691185065,016,USHNL,UNIAIR_WW,1,UA362,2022-11-30 17:46:00,2022-12-01 17:46:00,NULL,0,0,NULL,USEWR,1,UNITED AIRLINES,GOODNESS GARDENS INC,GOODNESS GARDENS INC,CROWN PACIFIC INTERNATIONAL,575.000
SFO,US,US,CSFO00058177,52656283334,526,USDEN,SOUAIR_WW,2,WN1703,2022-11-30 17:05:00,2022-11-30 19:35:00,NULL,0,0,NULL,USMCI,0,SOUTHWEST AIRLINES,BAY AREA HERBS & SPECIALTIES,JG DELIVERY C/O US FOODS MCI,BAY AREA HERBS & SPECIALTIES,120.000
SFO,US,US,CSFO00058437,01607227054,016,USHNL,UNIAIR_WW,1,UA252,2022-11-30 17:04:00,2022-12-01 17:04:00,NULL,0,0,NULL,USHOU,1,UNITED AIRLINES,GG PHI LLC,"PATTY'S HERBS, INC.",GLORY HERBS/APOLLO FREIGHT,335.000
SFO,US,US,CSFO00059649,02795206300,027,USLAX,ALAAIR_WW,1,AS1253,2022-11-30 16:40:00,2022-11-30 16:40:00,NULL,0,0,NULL,USSEA,1,ALASKA AIRLINES INC.,SOLI ORGANIC,SOLI ORGANIC,SOLI ORGANIC,200.000
SFO,US,US,CSFO00059022,01604190922,016,USHNL,UNIAIR_WW,1,UA252,2022-11-30 16:39:00,2022-12-01 16:39:00,NULL,0,0,NULL,USHOU,1,UNITED AIRLINES,GG PHI LLC,"PATTY'S HERBS, INC.",CROWN PACIFIC INTERNATIONAL,495.000
SFO,US,US,CSFO00058155,00659868572,006,USSFO,DELAIR_WW,1,DL1446,2022-11-30 14:45:00,2022-11-30 22:12:00,NULL,0,0,NULL,USDTW,1,DELTA AIRLINES,BAY AREA HERBS & SPECIALTIES,DNC SERVICES LLC,BAY AREA HERBS & SPECIALTIES,120.000
SFO,US,US,CSFO00058610,02763763254,027,USSFO,ALAAIR_WW,1,AS1355,2022-11-30 14:00:00,2022-11-30 16:25:00,NULL,0,0,NULL,USSEA,1,ALASKA AIRLINES INC.,BAY AREA HERBS & SPECIALTIES,US FOODS SEATTLE,BAY AREA HERBS & SPECIALTIES,120.000
MIA,US,JP,CMIA00060811,18011824735,180,KRICN,KORAIR_WW,2,KE0557,2022-11-30 13:50:00,2022-11-30 15:20:00,NULL,0,0,NULL,JPKKJ,0,KOREAN AIRLINES,INTERANDINA INTERNACIONAL S.A.S,H.M. AOYAGI LTD,INTERANDINA INTERNACIONAL S.A.S,0.000
MIA,US,JP,CMIA00060813,18011824783,180,KRICN,KORAIR_WW,2,KE0557,2022-11-30 13:50:00,2022-11-30 15:20:00,NULL,0,0,NULL,JPKKJ,0,KOREAN AIRLINES,DSV AIR & SEA S.A.S.,H.M. AOYAGI LTD,DSV AIR & SEA S.A.S.,0.000
SFO,US,US,CSFO00058177,52656283334,526,USSFO,SOUAIR_WW,1,WN432,2022-11-30 11:35:00,2022-11-30 15:05:00,NULL,0,0,NULL,USDEN,1,SOUTHWEST AIRLINES,BAY AREA HERBS & SPECIALTIES,JG DELIVERY C/O US FOODS MCI,BAY AREA HERBS & SPECIALTIES,120.000
LAX,US,SA,CLAX00060620,17247841404,172,LULUX,CARAIR_WW,3,CV4963,2022-11-30 08:55:00,2022-11-30 15:45:00,NULL,0,0,NULL,SARUH,0,CARGOLUX AIRLINES INTERNATIONAL S.A,FRESHPICK INTERNATIONAL DWC-LLC,DEL MONTE SAUDI ARABIA CO. LTD.,FRESHPICK INTERNATIONAL DWC-LLC,0.000
MIA,US,CN,CMIA00060791,1801182465,180,KRICN,KORAIR_WW,2,KE0865,2022-11-30 08:50:00,2022-11-30 11:30:00,NULL,0,0,NULL,CNCAN,0,KOREAN AIRLINES,PRIMO BROODSTOCK USA LLC,"HPL-APOLLO, LLC",PRIMO BROODSTOCK USA LLC,4550.000
SFO,US,US,CSFO00060678,17334448072,173,USSFO,HAWAIR_WW,1,HA11,2022-11-30 07:30:00,2022-11-30 11:05:00,NULL,0,0,NULL,USHNL,1,HAWAIIAN AIRLINES,HEALTHY FOODS LLC,HEALTHY FOODS LLC,VERITABLE VEGETABLE,0.000
MIA,US,CN,CMIA00060821,18011824842,180,USMIA,KORAIR_WW,1,KE0252,2022-11-30 02:40:00,2022-12-01 15:10:00,NULL,0,0,NULL,KRICN,1,KOREAN AIRLINES,PRIMO BROODSTOCK USA LLC,"SUIXI TENGFEI BIOLOGINAL TECHNOLOGY CO., LTD.",PRIMO BROODSTOCK USA LLC,4550.000
UIO,EC,NL,CUIO00059319,99263066220,992,ECUIO,DHLAER_WW,1,DE1510,2022-11-29 22:05:00,2022-11-30 15:30:00,NULL,0,0,NULL,NLAMS,1,DHL AERO EXPRESO S.A.,NULL,NULL,NULL,NULL
UIO,EC,JP,CUIO00059777,99263066253,992,ECUIO,DHLAER_WW,1,DE1510,2022-11-29 22:05:00,2022-12-01 17:18:00,NULL,0,0,NULL,JPNRT,1,DHL AERO EXPRESO S.A.,NULL,NULL,NULL,NULL
SFO,US,US,CSFO00058436,01686794643,016,USHNL,UNIAIR_WW,1,UA252,2022-11-29 20:50:00,2022-11-30 08:23:00,NULL,0,0,NULL,USHOU,0,UNITED AIRLINES,GG PHI LLC,"PATTY'S HERBS, INC.",GLORY HERBS/APOLLO FREIGHT,335.000
MIA,US,CN,CMIA00060468,15782330673,157,USHOU,QATAIR_WW,1,QR0714,2022-11-29 19:10:00,2022-11-30 18:40:00,NULL,0,0,NULL,QADOH,1,QATAR AIRWAYS,"SEA PRODUCTS DEVELOPMENT, LLC","HPL-APOLLO, LLC","SEA PRODUCTS DEVELOPMENT, LLC",4500.000
SFO,US,US,CSFO00060831,01691185054,016,USHNL,UNIAIR_WW,1,UA362,2022-11-29 17:45:00,2022-11-30 17:45:00,NULL,0,0,NULL,USEWR,1,UNITED AIRLINES,GOODNESS GARDENS INC,GOODNESS GARDENS INC,CROWN PACIFIC INTERNATIONAL,575.000
SFO,US,US,CSFO00059021,01604190911,016,USHNL,UNIAIR_WW,1,UA252,2022-11-29 16:37:00,2022-11-30 16:38:00,NULL,0,0,NULL,USHOU,1,UNITED AIRLINES,GG PHI LLC,"PATTY'S HERBS, INC.",CROWN PACIFIC INTERNATIONAL,495.000
SFO,US,US,CSFO00058609,02763763243,027,USSFO,ALAAIR_WW,1,AS713,2022-11-29 15:00:00,2022-11-29 16:24:00,NULL,0,0,NULL,USSEA,1,ALASKA AIRLINES INC.,BAY AREA HERBS & SPECIALTIES,US FOODS SEATTLE,BAY AREA HERBS & SPECIALTIES,120.000
SFO,US,US,CSFO00060785,00667136510,006,USATL,DELAIR_WW,2,DL353,2022-11-29 12:00:00,2022-11-29 13:45:00,NULL,0,0,NULL,USBWI,0,DELTA AIRLINES,JACOBS FARM DEL CABO,COOSEMANS DC,JACOBS FARM DEL CABO,0.000
SFO,US,US,CSFO00058127,00659869751,006,USSFO,DELAIR_WW,1,DL1152S,2022-11-29 11:17:00,2022-11-29 17:48:00,NULL,0,0,NULL,USMSP,1,DELTA AIRLINES,BAY AREA HERBS & SPECIALTIES,NUMBER 1 COURIERS,BAY AREA HERBS & SPECIALTIES,300.000
SFO,US,US,CSFO00060784,00667135972,006,USDTW,DELAIR_WW,2,DL1331,2022-11-29 10:10:00,2022-11-29 11:41:00,NULL,0,0,NULL,USBWI,0,DELTA AIRLINES,JACOBS FARM DEL CABO,COOSEMANS DC,JACOBS FARM DEL CABO,0.000
UIO,EC,US,CUIO00059403,72947200580,729,ECUIO,AVICAR_WW,1,QT4034,2022-11-29 10:00:00,2022-11-29 11:45:00,NULL,0,0,NULL,COBOG,1,AVIANCA CARGO,NULL,NULL,NULL,NULL
SFO,US,US,CSFO00060679,01607227555,016,USSFO,UNIAIR_WW,1,UA1273,2022-11-29 09:05:00,2022-11-29 12:25:00,NULL,0,0,NULL,USOGG,1,UNITED AIRLINES,DOWN TO EARTH,DOWN TO EARTH,EARL'S  ORGANICS PRODUCE,0.000
SFO,US,US,CSFO00058168,01607494955,016,USLAX,UNIAIR_WW,1,UA2373,2022-11-29 08:50:00,2022-11-29 11:18:00,NULL,0,0,NULL,USKHH,1,UNITED AIRLINES,LONE PALM FARM,LONE PALM FARM,THE SALAD FARM,140.000
SFO,US,US,CSFO00058145,01626561054,016,USSFO,UNIAIR_WW,1,UA1411,2022-11-29 07:00:00,2022-11-29 15:19:00,NULL,0,0,NULL,USEWR,1,UNITED AIRLINES,RADICLE FARMS LLC,RADICLE FARMS LLC,"JAYLEAF, LLC.",120.000
SFO,US,US,CSFO00060822,17334448061,173,USHNL,HAWAIR_WW,2,5H01,2022-11-29 02:43:00,2022-11-29 03:33:00,NULL,0,0,NULL,USITO,0,HAWAIIAN AIRLINES,ABUNDANT LIFE NATURAL FOODS,ABUNDANT LIFE NATURAL FOODS,VERITABLE VEGETABLE,772.000
SFO,US,US,CSFO00058139,01626561006,016,USSFO,UNIAIR_WW,1,UA2187,2022-11-29 00:00:00,2022-11-29 17:11:00,NULL,0,0,NULL,USBOS,1,UNITED AIRLINES,FORMAGGIO KITCHEN INC.,FORMAGGIO KITCHEN INC.,VERITABLE VEGETABLE,200.000
SFO,US,US,CSFO00058224,01626560726,016,USSFO,UNIAIR_WW,1,UA1175,2022-11-28 23:08:00,2022-11-29 07:25:00,NULL,0,0,NULL,USHNL,0,UNITED AIRLINES,ALA MOANA PRODUCE,ALA MOANA PRODUCE,ALA MOANA PRODUCE,1870.000
SFO,US,US,CSFO00060785,00667136510,006,USSFO,DELAIR_WW,1,DL1462,2022-11-28 23:00:00,2022-11-29 06:30:00,NULL,0,0,NULL,USATL,1,DELTA AIRLINES,JACOBS FARM DEL CABO,COOSEMANS DC,JACOBS FARM DEL CABO,0.000
SFO,US,US,CSFO00060784,00667135972,006,USSFO,DELAIR_WW,1,DL2418,2022-11-28 22:00:00,2022-11-29 05:56:00,NULL,0,0,NULL,USDTW,1,DELTA AIRLINES,JACOBS FARM DEL CABO,COOSEMANS DC,JACOBS FARM DEL CABO,0.000
SFO,US,US,CSFO00058435,01686794632,016,USHNL,UNIAIR_WW,1,UA252,2022-11-28 20:50:00,2022-11-29 08:23:00,NULL,0,0,NULL,USHOU,0,UNITED AIRLINES,GG PHI LLC,"PATTY'S HERBS, INC.",GLORY HERBS/APOLLO FREIGHT,335.000
LAX,US,SA,CLAX00060620,17247841404,172,ITMXP,CARAIR_WW,2,C80071,2022-11-28 19:55:00,2022-11-28 20:20:00,NULL,0,0,NULL,LULUX,0,CARGOLUX AIRLINES INTERNATIONAL S.A,FRESHPICK INTERNATIONAL DWC-LLC,DEL MONTE SAUDI ARABIA CO. LTD.,FRESHPICK INTERNATIONAL DWC-LLC,0.000
UIO,EC,ES,CUIO00059686,07561258912,075,ECUIO,IBEAIR_WW,1,IB6454,2022-11-28 18:50:00,2022-11-29 11:10:00,NULL,0,0,NULL,ESMAD,1,IBERIA AIRLINES,NULL,NULL,NULL,NULL
SFO,US,US,CSFO00060830,01691185043,016,USHNL,UNIAIR_WW,1,UA362,2022-11-28 17:44:00,2022-11-29 17:44:00,NULL,0,0,NULL,USEWR,1,UNITED AIRLINES,GOODNESS GARDENS INC,GOODNESS GARDENS INC,CROWN PACIFIC INTERNATIONAL,575.000
MIA,US,JP,CMIA00060811,18011824735,180,USMIA,KORAIR_WW,1,KE0252,2022-11-28 16:50:00,2022-11-30 05:10:00,NULL,0,0,NULL,KRICN,1,KOREAN AIRLINES,INTERANDINA INTERNACIONAL S.A.S,H.M. AOYAGI LTD,INTERANDINA INTERNACIONAL S.A.S,0.000
MIA,US,CN,CMIA00060791,1801182465,180,USMIA,KORAIR_WW,1,KE0252,2022-11-28 16:50:00,2022-11-30 05:10:00,NULL,0,0,NULL,KRICN,1,KOREAN AIRLINES,PRIMO BROODSTOCK USA LLC,"HPL-APOLLO, LLC",PRIMO BROODSTOCK USA LLC,4550.000
MIA,US,JP,CMIA00060813,18011824783,180,USMIA,KORAIR_WW,1,KE0252,2022-11-28 16:50:00,2022-11-30 05:10:00,NULL,0,0,NULL,KRICN,1,KOREAN AIRLINES,DSV AIR & SEA S.A.S.,H.M. AOYAGI LTD,DSV AIR & SEA S.A.S.,0.000
MIA,US,CN,CMIA00060788,18011824654,180,USMIA,KORAIR_WW,1,KE0252,2022-11-28 16:50:00,2022-11-30 05:10:00,NULL,0,0,NULL,KRICN,1,KOREAN AIRLINES,NULL,NULL,NULL,NULL
SFO,US,US,CSFO00059020,01604190900,016,USHNL,UNIAIR_WW,1,UA252,2022-11-28 16:36:00,2022-11-29 16:36:00,NULL,0,0,NULL,USHOU,1,UNITED AIRLINES,GG PHI LLC,"PATTY'S HERBS, INC.",CROWN PACIFIC INTERNATIONAL,495.000
SFO,US,US,CSFO00059647,02795206274,027,USLAX,ALAAIR_WW,1,AS585,2022-11-28 16:24:00,2022-11-28 16:24:00,NULL,0,0,NULL,USSEA,1,ALASKA AIRLINES INC.,SOLI ORGANIC,SOLI ORGANIC,SOLI ORGANIC,200.000
MIA,US,IN,CMIA00060225,17638857626,176,AEDXB,EMIAIR_WW,2,EK0546,2022-11-28 14:45:00,2022-11-28 20:10:00,NULL,0,0,NULL,INMAA,0,EMIRATES AIRLINES,"SEA PRODUCTS DEVELOPMENT, LLC","HPL-APOLLO, LLC","SEA PRODUCTS DEVELOPMENT, LLC",1800.000
SFO,US,US,CSFO00058154,00667027682,006,USSFO,DELAIR_WW,1,DL2182,2022-11-28 14:45:00,2022-11-28 22:12:00,NULL,0,0,NULL,USDTW,1,DELTA AIRLINES,BAY AREA HERBS & SPECIALTIES,DNC SERVICES LLC,BAY AREA HERBS & SPECIALTIES,120.000
SFO,US,US,CSFO00058608,02763763232,027,USSFO,ALAAIR_WW,1,AS713,2022-11-28 14:00:00,2022-11-28 16:24:00,NULL,0,0,NULL,USSEA,1,ALASKA AIRLINES INC.,BAY AREA HERBS & SPECIALTIES,US FOODS SEATTLE,BAY AREA HERBS & SPECIALTIES,120.000
SFO,US,US,CSFO00060799,01607227533,016,USSFO,UNIAIR_WW,1,UA1175,2022-11-28 11:51:00,2022-11-28 11:51:00,NULL,0,0,NULL,USHNL,1,UNITED AIRLINES,ALA MOANA PRODUCE,ALA MOANA PRODUCE,ALA MOANA PRODUCE,2110.000
SFO,US,US,CSFO00058176,52656283323,526,USSFO,SOUAIR_WW,1,WN432,2022-11-28 11:35:00,2022-11-28 15:05:00,NULL,0,0,NULL,USMCI,1,SOUTHWEST AIRLINES,BAY AREA HERBS & SPECIALTIES,JG DELIVERY C/O US FOODS MCI,BAY AREA HERBS & SPECIALTIES,120.000
SFO,US,US,CSFO00058163,01607495003,016,USSFO,UNIAIR_WW,1,UA1273,2022-11-28 08:30:00,2022-11-28 11:20:00,NULL,0,0,NULL,USOGG,1,UNITED AIRLINES,RAINBOW SPECIALTY ORGANIC,RAINBOW SPECIALTY ORGANIC,"JAYLEAF, LLC.",100.000
SFO,US,US,CSFO00060680,01607227463,016,USSFO,UNIAIR_WW,1,UA1273,2022-11-28 08:30:00,2022-11-28 11:20:00,NULL,0,0,NULL,USOGG,1,UNITED AIRLINES,"MANA HEALTH FOODS, INC. DBA MANA FOODS","MANA HEALTH FOODS, INC. DBA MANA FOODS",VERITABLE VEGETABLE,0.000
UIO,EC,US,CUIO00060585,00150993375,001,USMIA,AMEAIR_WW,2,AA319,2022-11-28 07:18:00,2022-11-28 10:25:00,NULL,0,0,NULL,USPHX,1,AMERICAN AIRLINES INC.,NULL,NULL,NULL,NULL
SFO,US,US,CSFO00060822,17334448061,173,USSFO,HAWAIR_WW,1,HA0011,2022-11-28 07:00:00,2022-11-28 10:50:00,NULL,0,0,NULL,USHNL,1,HAWAIIAN AIRLINES,ABUNDANT LIFE NATURAL FOODS,ABUNDANT LIFE NATURAL FOODS,VERITABLE VEGETABLE,772.000
MIA,US,PE,CMIA00060838,80513355381,805,USMIA,MERAMEMIA,1,GB1507,2022-11-27 21:00:00,2022-11-28 03:00:00,NULL,0,0,NULL,PELIM,1,"MERCURY AMERICAS, LLC.","AEROSPACE ROTABLES, INC","HPL-APOLLO, LLC","AEROSPACE ROTABLES, INC",0.000
LAX,US,SA,CLAX00060620,17247841404,172,USLAX,CARAIR_WW,1,CV6311,2022-11-27 20:55:00,2022-11-28 16:25:00,NULL,0,0,NULL,ITMXP,0,CARGOLUX AIRLINES INTERNATIONAL S.A,FRESHPICK INTERNATIONAL DWC-LLC,DEL MONTE SAUDI ARABIA CO. LTD.,FRESHPICK INTERNATIONAL DWC-LLC,0.000
SFO,US,US,CSFO00058434,01686794621,016,USHNL,UNIAIR_WW,1,UA252,2022-11-27 20:50:00,2022-11-28 08:23:00,NULL,0,0,NULL,USHOU,0,UNITED AIRLINES,GG PHI LLC,"PATTY'S HERBS, INC.",GLORY HERBS/APOLLO FREIGHT,335.000
SFO,US,US,CSFO00059019,01604190896,016,USHNL,UNIAIR_WW,1,UA252,2022-11-27 20:50:00,2022-11-28 08:23:00,NULL,0,0,NULL,USHOU,0,UNITED AIRLINES,GG PHI LLC,"PATTY'S HERBS, INC.",CROWN PACIFIC INTERNATIONAL,495.000
UIO,EC,US,CUIO00059402,72947200576,729,COBOG,AVICAR_WW,2,QT0084,2022-11-27 18:30:00,2022-11-27 22:30:00,NULL,0,0,NULL,USLAX,1,AVIANCA CARGO,NULL,NULL,NULL,NULL
SFO,US,US,CSFO00060829,01691185032,016,USHNL,UNIAIR_WW,1,UA362,2022-11-27 16:20:00,2022-11-28 06:53:00,NULL,0,0,NULL,USEWR,0,UNITED AIRLINES,GOODNESS GARDENS INC,GOODNESS GARDENS INC,CROWN PACIFIC INTERNATIONAL,575.000
UIO,EC,US,CUIO00060585,00150993375,001,ECUIO,AMEAIR_WW,1,AA2162,2022-11-27 16:00:00,2022-11-27 20:18:00,NULL,0,0,NULL,USMIA,1,AMERICAN AIRLINES INC.,NULL,NULL,NULL,NULL
LAX,US,SA,CLAX00060619,17247841010,172,LULUX,CARAIR_WW,2,CV4087,2022-11-27 13:55:00,2022-11-27 20:50:00,NULL,0,0,NULL,SADMM,0,CARGOLUX AIRLINES INTERNATIONAL S.A,US MIDDLE EAST SUPPLY LINES TRADING INTERNATIONAL,SALAH A AL AMOUDI ESTABLISHMENT,US MIDDLE EAST SUPPLY LINES TRADING INTERNATIONAL,0.000
UIO,EC,US,CUIO00059402,72947200576,729,ECUIO,AVICAR_WW,1,QT4034,2022-11-27 10:00:00,2022-11-27 11:45:00,NULL,0,0,NULL,COBOG,1,AVIANCA CARGO,NULL,NULL,NULL,NULL
MIA,US,TW,CMIA00060583,40317953176,403,KRICN,CHIAIR_WW,3,PO215,2022-11-27 02:50:00,2022-11-27 04:20:00,NULL,0,0,NULL,TWTPE,0,CHINA AIRLINES CARGO,HELLMANN WORLDWIDE LOGISTICS S.A.C.,"HPL-APOLLO, LLC",HELLMANN WORLDWIDE LOGISTICS S.A.C.,3619.000
UIO,EC,US,CUIO00060763,86512763634,865,MXMEX,MASAIR_WW,2,M76824,2022-11-26 23:30:00,2022-11-27 01:30:00,NULL,0,0,NULL,USLAX,1,MAS AIR,NULL,NULL,NULL,NULL
SFO,US,US,CSFO00059204,33730304396,337,USSFO,MNAIRL_WW,1,SY396,2022-11-26 23:00:00,2022-11-27 05:34:00,NULL,0,0,NULL,USMSP,1,MN AIRLINES LLC,BAY AREA HERBS & SPECIALTIES,NUMBER 1 COURIERS,BAY AREA HERBS & SPECIALTIES,300.000
MIA,US,IN,CMIA00060225,17638857626,176,USHOU,EMIAIR_WW,1,EK0212,2022-11-26 19:10:00,2022-11-27 19:45:00,NULL,0,0,NULL,AEDXB,0,EMIRATES AIRLINES,"SEA PRODUCTS DEVELOPMENT, LLC","HPL-APOLLO, LLC","SEA PRODUCTS DEVELOPMENT, LLC",1800.000
UIO,EC,US,CUIO00060763,86512763634,865,ECUIO,MASAIR_WW,1,M76811,2022-11-26 18:30:00,2022-11-26 22:30:00,NULL,0,0,NULL,MXMEX,1,MAS AIR,NULL,NULL,NULL,NULL
UIO,EC,GB,CUIO00060731,01464438953,014,CAYYZ,AIRCAN_WW,3,AC854,2022-11-26 18:25:00,2022-11-27 06:30:00,NULL,0,0,NULL,GBLHR,1,AIR CANADA,PIKERO TRADE S A S,FRESH4U PRODUCE LIMITED,PIKERO TRADE S A S,1021.000
UIO,EC,ES,CUIO00060833,00657495023,006,USATL,DELAIR_WW,2,DL108,2022-11-26 18:10:00,2022-11-27 08:30:00,NULL,0,0,NULL,ESMAD,1,DELTA AIRLINES,VALTHOMIG SA,VERALEZA S.L.,VALTHOMIG SA,0.000
UIO,EC,ES,CUIO00060833,00657495023,006,USATL,DELAIR_WW,2,DL108,2022-11-26 18:10:00,2022-11-27 08:30:00,NULL,0,0,NULL,ESMAD,1,DELTA AIRLINES,ECOFLOR GROUPCHILE CIA LTDA,VERALEZA S.L.,ECOFLOR GROUPCHILE CIA LTDA,0.000
UIO,EC,ES,CUIO00060833,00657495023,006,USATL,DELAIR_WW,2,DL108,2022-11-26 18:10:00,2022-11-27 08:30:00,NULL,0,0,NULL,ESMAD,1,DELTA AIRLINES,"FLORES Y FRUTAS FLORIFRUT S.A,",VERALEZA S.L.,"FLORES Y FRUTAS FLORIFRUT S.A,",0.000
UIO,EC,ES,CUIO00060833,00657495023,006,USATL,DELAIR_WW,2,DL108,2022-11-26 18:10:00,2022-11-27 08:30:00,NULL,0,0,NULL,ESMAD,1,DELTA AIRLINES,MONTEROSASLIMITADA C L,VERALEZA S.L.,MONTEROSASLIMITADA C L,0.000
UIO,EC,ES,CUIO00060833,00657495023,006,USATL,DELAIR_WW,2,DL108,2022-11-26 18:10:00,2022-11-27 08:30:00,NULL,0,0,NULL,ESMAD,1,DELTA AIRLINES,SOLPACIFIC S.A.,VERALEZA S.L.,SOLPACIFIC S.A.,0.000
UIO,EC,ES,CUIO00060833,00657495023,006,USATL,DELAIR_WW,2,DL108,2022-11-26 18:10:00,2022-11-27 08:30:00,NULL,0,0,NULL,ESMAD,1,DELTA AIRLINES,FLORES DE NAPOLES FLORNAPOL S.A.,VERALEZA S.L.,FLORES DE NAPOLES FLORNAPOL S.A.,0.000
LAX,US,SA,CLAX00060618,17247840866,172,LULUX,CARAIR_WW,2,CV4806,2022-11-26 16:10:00,2022-11-27 01:15:00,NULL,0,0,NULL,SARUH,0,CARGOLUX AIRLINES INTERNATIONAL S.A,FRESHPICK INTERNATIONAL DWC-LLC,DEL MONTE SAUDI ARABIA CO. LTD.,FRESHPICK INTERNATIONAL DWC-LLC,0.000
UIO,EC,US,CUIO00059401,72947200565,729,COBOG,AVICAR_WW,2,QT0084,2022-11-26 12:55:00,2022-11-26 19:05:00,NULL,0,0,NULL,USLAX,1,AVIANCA CARGO,NULL,NULL,NULL,NULL
UIO,EC,DE,CUIO00060640,99611624955,996,ECGYE,AIREUR_WW,1,UX040,2022-11-26 12:30:00,2022-11-27 18:00:00,NULL,0,0,NULL,DEMUC,1,"AIR EUROPA LINEAS AEREAS, S.A.",NULL,NULL,NULL,NULL
MDE,CO,US,CMDE00060460,98561743102,985,COMDE,NULL,1,L71580,2022-11-26 12:11:00,2022-11-26 12:11:00,NULL,0,0,NULL,USMIA,1,NULL,NULL,FLORAL SENSE LLC,FLORES DE LA CAMPINA S.A.S.,0.000
LAX,US,AU,CLAX00060692,26040383162,260,FJNAN,FIJAIR_WW,2,FJ911,2022-11-26 09:00:00,2022-11-26 12:00:00,NULL,0,0,NULL,AUSYD,0,FIJI AIRWAYS,SUNRISE MEDICAL US LLC,SUNRISE MEDICAL,SUNRISE MEDICAL US LLC,1113.000
MIA,US,CN,CMIA00060780,40317953180,403,KRICN,POLAIR_WW,2,PO997,2022-11-26 05:00:00,2022-11-26 06:15:00,NULL,0,0,NULL,CNPVG,0,POLAR AIR,"HPL-APOLLO, LLC",HELLMANN WORLDWIDE LOGISTICS S.A.C.,"HPL-APOLLO, LLC",6129.000
MIA,US,HK,CMIA00060010,40317919856,403,KRICN,POLAIR_WW,2,PO8952,2022-11-26 01:00:00,2022-11-26 05:00:00,NULL,0,0,NULL,HKHKG,0,POLAR AIR,TROPICAL FOODS LLC,PARKNSHOP A DIVISION OF PARKNSHOP (HONG KONG) LTD,TROPICAL FOODS LLC,1117.000
LAX,US,SA,CLAX00060619,17247841010,172,USLAX,CARAIR_WW,1,CV6086,2022-11-25 22:30:00,2022-11-26 17:35:00,NULL,0,0,NULL,LULUX,0,CARGOLUX AIRLINES INTERNATIONAL S.A,US MIDDLE EAST SUPPLY LINES TRADING INTERNATIONAL,SALAH A AL AMOUDI ESTABLISHMENT,US MIDDLE EAST SUPPLY LINES TRADING INTERNATIONAL,0.000
UIO,EC,US,CUIO00059953,99263063442,992,ECUIO,DHLAER_WW,1,DE1510,2022-11-25 22:05:00,2022-11-26 03:00:00,NULL,0,0,NULL,USMIA,1,DHL AERO EXPRESO S.A.,NULL,NULL,NULL,NULL
UIO,EC,NL,CUIO00059318,99263066216,992,ECUIO,DHLAER_WW,1,DE1510,2022-11-25 22:05:00,2022-11-26 15:30:00,NULL,0,0,NULL,NLAMS,1,DHL AERO EXPRESO S.A.,APOLLO FREIGHT ECUADOR AFREC SA,VEILING RHEIN- MAAS GMBH & CO.KG,APOLLO FREIGHT ECUADOR AFREC SA,0.000
UIO,EC,NL,CUIO00059318,99263066216,992,ECUIO,DHLAER_WW,1,DE1510,2022-11-25 22:05:00,2022-11-26 15:30:00,NULL,0,0,NULL,NLAMS,1,DHL AERO EXPRESO S.A.,FLORES DEL AMAZONAS S.A. AMAFLOR,VEILING RHEIN- MAAS GMBH & CO.KG,FLORES DEL AMAZONAS S.A. AMAFLOR,0.000
LAX,NZ,US,CLAX00060766,08658969271,086,NZAKL,AIRNEW_WW,1,NZ006,2022-11-25 20:15:00,2022-11-25 11:20:00,NULL,0,0,NULL,USLAX,1,AIR NEW ZEALAND CARGO,"NEW ZEALAND KING SALMON USA, INC","NEW ZEALAND KING SALMON USA, INC",NULL,0.000
MIA,US,JP,CMIA00060756,18011824724,180,JPKKJ,KORAIR_WW,3,KE4769,2022-11-25 18:30:00,2022-11-25 20:00:00,NULL,0,0,NULL,JPFUK,0,KOREAN AIRLINES,H.M. AOYAGI LTD,H.M. AOYAGI LTD,INTERANDINA INTERNACIONAL S.A.S,909.000
LAX,US,SA,CLAX00060617,17247841006,172,LULUX,CARAIR_WW,2,CV4045,2022-11-25 18:05:00,2022-11-26 01:00:00,NULL,0,0,NULL,SADMM,0,CARGOLUX AIRLINES INTERNATIONAL S.A,US MIDDLE EAST SUPPLY LINES TRADING INTERNATIONAL,SALAH A AL AMOUDI ESTABLISHMENT,US MIDDLE EAST SUPPLY LINES TRADING INTERNATIONAL,0.000
LAX,US,SA,CLAX00060616,17247840995,172,LULUX,CARAIR_WW,2,CV4045,2022-11-25 18:05:00,2022-11-26 01:00:00,NULL,0,0,NULL,SADMM,0,CARGOLUX AIRLINES INTERNATIONAL S.A,US MIDDLE EAST SUPPLY LINES TRADING INTERNATIONAL,SALAH A AL AMOUDI ESTABLISHMENT,US MIDDLE EAST SUPPLY LINES TRADING INTERNATIONAL,0.000
LAX,US,US,CLAX00060687,17334781902,173,USLAX,HAWAIR_WW,1,HA09,2022-11-25 17:10:00,2022-11-25 21:10:00,NULL,0,0,NULL,USHNL,0,HAWAIIAN AIRLINES,FRESHPOINT,ARMSTRONG PRODUCE,FRESHPOINT,0.000
UIO,EC,GB,CUIO00060731,01464438953,014,PELIM,AIRCAN_WW,2,AC7254,2022-11-25 15:30:00,2022-11-25 23:40:00,NULL,0,0,NULL,CAYYZ,1,AIR CANADA,PIKERO TRADE S A S,FRESH4U PRODUCE LIMITED,PIKERO TRADE S A S,1021.000
LAX,US,KW,CLAX00060804,17247841194,172,LULUX,CARAIR_WW,2,C84905,2022-11-25 15:20:00,2022-11-25 22:45:00,NULL,0,0,NULL,KWKWI,0,CARGOLUX AIRLINES INTERNATIONAL S.A,FRESHPICK INTERNATIONAL DWC-LLC,DEL MONTE KWI-GENERAL TRADING OF FOODSTUFF WLL,FRESHPICK INTERNATIONAL DWC-LLC,0.000
MIA,US,NG,CMIA00060342,23502789791,235,TRISL,TURAIR_WW,2,TK0623,2022-11-25 15:20:00,2022-11-25 19:50:00,NULL,0,0,NULL,NGABV,0,TURKISH AIRLINES,"HPL-APOLLO, LLC","HPL-APOLLO, LLC","HPL-APOLLO, LLC",276.000
MIA,US,TW,CMIA00060583,40317953176,403,USMIA,CHIAIR_WW,2,PO787,2022-11-25 14:50:00,2022-11-26 22:05:00,NULL,0,0,NULL,KRICN,0,CHINA AIRLINES CARGO,HELLMANN WORLDWIDE LOGISTICS S.A.C.,"HPL-APOLLO, LLC",HELLMANN WORLDWIDE LOGISTICS S.A.C.,3619.000
SFO,US,US,CSFO00057357,02763715816,027,USSFO,ALAAIR_WW,1,AS1449,2022-11-25 14:00:00,2022-11-25 16:14:00,NULL,0,0,NULL,USSEA,1,ALASKA AIRLINES INC.,BAY AREA HERBS & SPECIALTIES,US FOODS SEATTLE,BAY AREA HERBS & SPECIALTIES,120.000
MIA,US,JP,CMIA00060756,18011824724,180,KRICN,KORAIR_WW,2,KE0557,2022-11-25 13:45:00,2022-11-25 15:15:00,NULL,0,0,NULL,JPKKJ,0,KOREAN AIRLINES,H.M. AOYAGI LTD,H.M. AOYAGI LTD,INTERANDINA INTERNACIONAL S.A.S,909.000
LAX,US,AE,CLAX00060806,72426557263,724,CHZRH,SWIAIR_WW,2,LX242,2022-11-25 13:05:00,2022-11-25 22:15:00,NULL,0,0,NULL,AEDXB,0,SWISS AIR,HERITAGE PRODUCE DISTRIBUTING INC,FRESH FRUITS COMPANY VEGETABLES & FRUIT TRADING LLC,HERITAGE PRODUCE DISTRIBUTING INC,0.000
MDE,CO,US,CMDE00060459,72943714775,729,COMDE,TAMCAR_WW,1,QT703,2022-11-25 12:10:00,2022-11-25 12:10:00,NULL,0,0,NULL,USMIA,1,TAMPA CARGO S.A.S,NULL,FLORAL SENSE LLC,FLORES DE LA CAMPINA S.A.S.,0.000
UIO,EC,PR,CUIO00059286,17651471991,176,ECUIO,EMIAIR_WW,1,EK9916,2022-11-25 11:00:00,2022-11-25 18:00:00,NULL,0,0,NULL,PRBQN,1,EMIRATES AIRLINES,NULL,NULL,NULL,NULL
UIO,EC,US,CUIO00059401,72947200565,729,ECUIO,AVICAR_WW,1,QT4034,2022-11-25 10:00:00,2022-11-25 11:45:00,NULL,0,0,NULL,COBOG,1,AVIANCA CARGO,NULL,NULL,NULL,NULL
UIO,EC,US,CUIO00060777,72947201022,729,ECUIO,AVICAR_WW,1,QT4040,2022-11-25 10:00:00,2022-11-25 11:30:00,NULL,0,0,NULL,COBOG,1,AVIANCA CARGO,NULL,NULL,NULL,NULL
SFO,US,US,CSFO00060797,01607227496,016,USSFO,UNIAIR_WW,1,UA1175,2022-11-25 09:15:00,2022-11-25 12:47:00,NULL,0,0,NULL,USHNL,0,UNITED AIRLINES,ALA MOANA PRODUCE,ALA MOANA PRODUCE,ALA MOANA PRODUCE,226.000
SFO,US,US,CSFO00060805,01607227953,016,USSFO,UNIAIR_WW,1,UA1273,2022-11-25 09:05:00,2022-11-25 12:25:00,NULL,0,0,NULL,USOGG,0,UNITED AIRLINES,RAINBOW SPECIALTY ORGANIC,RAINBOW SPECIALTY ORGANIC,"JAYLEAF, LLC.",100.000
LAX,US,AU,CLAX00060742,26040447746,260,FJNAN,FIJAIR_WW,2,FJ911,2022-11-25 09:00:00,2022-11-25 12:00:00,NULL,0,0,NULL,AUMEL,0,FIJI AIRWAYS,RICHARD HAGSTROM FERNERIES,BLUSH PETALS FLORA PTY LTD,RICHARD HAGSTROM FERNERIES,229.000
LAX,US,AU,CLAX00060742,26040447746,260,FJNAN,FIJAIR_WW,2,FJ911,2022-11-25 09:00:00,2022-11-25 12:00:00,NULL,0,0,NULL,AUMEL,0,FIJI AIRWAYS,"HPL-Apollo, LLC",BLUSH PETALS FLORA PTY LTD,"HPL-Apollo, LLC",229.000
SFO,US,US,CSFO00058169,01607494944,016,USLAX,UNIAIR_WW,1,UA2373,2022-11-25 09:00:00,2022-11-25 12:58:00,NULL,0,0,NULL,USKHH,0,UNITED AIRLINES,LONE PALM FARM,LONE PALM FARM,THE SALAD FARM,140.000
UIO,EC,NL,CUIO00060427,07561258934,075,ESMAD,IBEAIR_WW,2,IB3722,2022-11-25 08:50:00,2022-11-25 11:30:00,NULL,0,0,NULL,NLAMS,1,IBERIA AIRLINES,ECUADOR MAGIC FLOWERS S.A. ECUAMAGIC,KUEHNE NAGEL N V  (PERISHABLES) - TER HAAR ORNAMENTAL FLOWERS B V,ECUADOR MAGIC FLOWERS S.A. ECUAMAGIC,0.000
UIO,EC,US,CUIO00059837,992,992,ECUIO,DHLAER_WW,1,DE1510,2022-11-25 08:05:00,2022-11-25 13:10:00,NULL,0,0,NULL,USMIA,1,DHL AERO EXPRESO S.A.,NULL,NULL,NULL,NULL
UIO,EC,NL,CUIO00059440,15787158470,157,ECUIO,QATAIR_WW,1,QR8172,2022-11-25 08:00:00,2022-11-26 15:30:00,NULL,0,0,NULL,NLAMS,1,QATAR AIRWAYS,NULL,NULL,NULL,NULL
UIO,EC,US,CUIO00060561,00160310235,001,USMIA,AMEAIR_WW,2,AA1477,2022-11-25 07:19:00,2022-11-25 09:35:00,NULL,0,0,NULL,USDFW,1,AMERICAN AIRLINES INC.,NULL,NULL,NULL,NULL
LAX,US,US,CLAX00060684,17334781876,173,USLAX,HAWAIR_WW,1,HA01,2022-11-25 07:00:00,2022-11-25 10:55:00,NULL,0,0,NULL,USHNL,0,HAWAIIAN AIRLINES,FRESHPOINT,ARMSTRONG PRODUCE,FRESHPOINT,0.000
UIO,EC,US,CUIO00060765,86512763656,865,MXMEX,MASAIR_WW,2,M76854,2022-11-25 02:00:00,2022-11-25 04:00:00,NULL,0,0,NULL,USLAX,0,MAS AIR,FLORES VERDES S.A.,FLOWERLINK LLC,FLORES VERDES S.A.,0.000
UIO,EC,US,CUIO00060765,86512763656,865,MXMEX,MASAIR_WW,2,M76854,2022-11-25 02:00:00,2022-11-25 04:00:00,NULL,0,0,NULL,USLAX,0,MAS AIR,ROYAL FLOWERS SA,FLOWERLINK LLC,ROYAL FLOWERS SA,0.000
UIO,EC,US,CUIO00060765,86512763656,865,MXMEX,MASAIR_WW,2,M76854,2022-11-25 02:00:00,2022-11-25 04:00:00,NULL,0,0,NULL,USLAX,0,MAS AIR,FLEURO S A FLEUROSA,RAMIREZ WHOLESALE FLOWERS INC.,FLEURO S A FLEUROSA,0.000
UIO,EC,US,CUIO00060765,86512763656,865,MXMEX,MASAIR_WW,2,M76854,2022-11-25 02:00:00,2022-11-25 04:00:00,NULL,0,0,NULL,USLAX,0,MAS AIR,GARDAEXPORT S. A.,FLOWERLINK LLC,GARDAEXPORT S. A.,0.000
UIO,EC,US,CUIO00060765,86512763656,865,MXMEX,MASAIR_WW,2,M76854,2022-11-25 02:00:00,2022-11-25 04:00:00,NULL,0,0,NULL,USLAX,0,MAS AIR,CLASSIC JAPAN,CLASSIC JAPAN,APOLLO FREIGHT ECUADOR AFREC SA,0.000
UIO,EC,US,CUIO00060765,86512763656,865,MXMEX,MASAIR_WW,2,M76854,2022-11-25 02:00:00,2022-11-25 04:00:00,NULL,0,0,NULL,USLAX,0,MAS AIR,CHILUIZA BALLESTEROS DENIS FERNANDO,SARA GARDEN INC,CHILUIZA BALLESTEROS DENIS FERNANDO,0.000
UIO,EC,US,CUIO00060765,86512763656,865,MXMEX,MASAIR_WW,2,M76854,2022-11-25 02:00:00,2022-11-25 04:00:00,NULL,0,0,NULL,USLAX,0,MAS AIR,FLORES DE LA HACIENDA S C C,SARA GARDEN INC,FLORES DE LA HACIENDA S C C,0.000
UIO,EC,US,CUIO00060765,86512763656,865,MXMEX,MASAIR_WW,2,M76854,2022-11-25 02:00:00,2022-11-25 04:00:00,NULL,0,0,NULL,USLAX,0,MAS AIR,GARDAEXPORT S. A.,RAMIREZ WHOLESALE FLOWERS INC.,GARDAEXPORT S. A.,0.000
UIO,EC,US,CUIO00060765,86512763656,865,MXMEX,MASAIR_WW,2,M76854,2022-11-25 02:00:00,2022-11-25 04:00:00,NULL,0,0,NULL,USLAX,0,MAS AIR,MYSTIC FLOWERS SA,CLASSIC JAPAN,MYSTIC FLOWERS SA,0.000
UIO,EC,US,CUIO00060765,86512763656,865,MXMEX,MASAIR_WW,2,M76854,2022-11-25 02:00:00,2022-11-25 04:00:00,NULL,0,0,NULL,USLAX,0,MAS AIR,CUMBAL CACUANGO ROSA ELENA / MARY FLOWERS,SARA GARDEN INC,CUMBAL CACUANGO ROSA ELENA / MARY FLOWERS,0.000
UIO,EC,US,CUIO00060765,86512763656,865,MXMEX,MASAIR_WW,2,M76854,2022-11-25 02:00:00,2022-11-25 04:00:00,NULL,0,0,NULL,USLAX,0,MAS AIR,SARA GARDEN INC,SARA GARDEN INC,APOLLO FREIGHT ECUADOR AFREC SA,0.000
UIO,EC,US,CUIO00060765,86512763656,865,MXMEX,MASAIR_WW,2,M76854,2022-11-25 02:00:00,2022-11-25 04:00:00,NULL,0,0,NULL,USLAX,0,MAS AIR,AGROGANADERA ESPINOSA CHIRIBOGA SA,RAMIREZ WHOLESALE FLOWERS INC.,AGROGANADERA ESPINOSA CHIRIBOGA SA,0.000
UIO,EC,US,CUIO00060765,86512763656,865,MXMEX,MASAIR_WW,2,M76854,2022-11-25 02:00:00,2022-11-25 04:00:00,NULL,0,0,NULL,USLAX,0,MAS AIR,FLOWERLINK LLC,FLOWERLINK LLC,APOLLO FREIGHT ECUADOR AFREC SA,0.000
UIO,EC,US,CUIO00060765,86512763656,865,MXMEX,MASAIR_WW,2,M76854,2022-11-25 02:00:00,2022-11-25 04:00:00,NULL,0,0,NULL,USLAX,0,MAS AIR,EQR EQUATOROSES C.A.,VINNYS WHOLESALE PLANTS FLOWERS,EQR EQUATOROSES C.A.,0.000
UIO,EC,US,CUIO00060765,86512763656,865,MXMEX,MASAIR_WW,2,M76854,2022-11-25 02:00:00,2022-11-25 04:00:00,NULL,0,0,NULL,USLAX,0,MAS AIR,NAVARRETE TABUADA MARIA GRACIELA,BELLE BLOOMS FLOWERS INC,NAVARRETE TABUADA MARIA GRACIELA,0.000
UIO,EC,US,CUIO00060765,86512763656,865,MXMEX,MASAIR_WW,2,M76854,2022-11-25 02:00:00,2022-11-25 04:00:00,NULL,0,0,NULL,USLAX,0,MAS AIR,FLORICOLA LA ROSALEDA S.A,SARA GARDEN INC,FLORICOLA LA ROSALEDA S.A,0.000
UIO,EC,US,CUIO00060765,86512763656,865,MXMEX,MASAIR_WW,2,M76854,2022-11-25 02:00:00,2022-11-25 04:00:00,NULL,0,0,NULL,USLAX,0,MAS AIR,ZUNIGA FLOWERS,ZUNIGA FLOWERS,APOLLO FREIGHT ECUADOR AFREC SA,0.000
UIO,EC,US,CUIO00060765,86512763656,865,MXMEX,MASAIR_WW,2,M76854,2022-11-25 02:00:00,2022-11-25 04:00:00,NULL,0,0,NULL,USLAX,0,MAS AIR,RAMIREZ WHOLESALE FLOWERS INC.,RAMIREZ WHOLESALE FLOWERS INC.,APOLLO FREIGHT ECUADOR AFREC SA,0.000
UIO,EC,US,CUIO00060765,86512763656,865,MXMEX,MASAIR_WW,2,M76854,2022-11-25 02:00:00,2022-11-25 04:00:00,NULL,0,0,NULL,USLAX,0,MAS AIR,DEL POZO ANDRADE DIEGO JAVIER,CLASSIC JAPAN,DEL POZO ANDRADE DIEGO JAVIER,0.000
UIO,EC,US,CUIO00060765,86512763656,865,MXMEX,MASAIR_WW,2,M76854,2022-11-25 02:00:00,2022-11-25 04:00:00,NULL,0,0,NULL,USLAX,0,MAS AIR,ZOILA BENALCAZAR MEJIA,ZOILA BENALCAZAR MEJIA,APOLLO FREIGHT ECUADOR AFREC SA,0.000
UIO,EC,US,CUIO00060765,86512763656,865,MXMEX,MASAIR_WW,2,M76854,2022-11-25 02:00:00,2022-11-25 04:00:00,NULL,0,0,NULL,USLAX,0,MAS AIR,QUALITY SERVICE S.A. QUALISA,FLOWERLINK LLC,QUALITY SERVICE S.A. QUALISA,0.000
UIO,EC,US,CUIO00060765,86512763656,865,MXMEX,MASAIR_WW,2,M76854,2022-11-25 02:00:00,2022-11-25 04:00:00,NULL,0,0,NULL,USLAX,0,MAS AIR,AGROCHAUPI CIA LTDA,RAMIREZ WHOLESALE FLOWERS INC.,AGROCHAUPI CIA LTDA,0.000
UIO,EC,US,CUIO00060765,86512763656,865,MXMEX,MASAIR_WW,2,M76854,2022-11-25 02:00:00,2022-11-25 04:00:00,NULL,0,0,NULL,USLAX,0,MAS AIR,NEVADO ECUADOR ROSAS DE EXPORTACION,GROWERS DIRECT FLOWERS INC,NEVADO ECUADOR ROSAS DE EXPORTACION,0.000
UIO,EC,US,CUIO00060765,86512763656,865,MXMEX,MASAIR_WW,2,M76854,2022-11-25 02:00:00,2022-11-25 04:00:00,NULL,0,0,NULL,USLAX,0,MAS AIR,GARDAEXPORT S. A.,FLOWERLINK LLC,GARDAEXPORT S. A.,0.000
UIO,EC,US,CUIO00060765,86512763656,865,MXMEX,MASAIR_WW,2,M76854,2022-11-25 02:00:00,2022-11-25 04:00:00,NULL,0,0,NULL,USLAX,0,MAS AIR,VALENCIA PUJOTA JAIME / VALENT ROSAS,SARA GARDEN INC,VALENCIA PUJOTA JAIME / VALENT ROSAS,0.000
UIO,EC,US,CUIO00060765,86512763656,865,MXMEX,MASAIR_WW,2,M76854,2022-11-25 02:00:00,2022-11-25 04:00:00,NULL,0,0,NULL,USLAX,0,MAS AIR,FLORICOLA SAN ISIDRO LABRADOR FLORSANI CIA  LTDA,GROWERS DIRECT FLOWERS INC,FLORICOLA SAN ISIDRO LABRADOR FLORSANI CIA  LTDA,0.000
UIO,EC,US,CUIO00060765,86512763656,865,MXMEX,MASAIR_WW,2,M76854,2022-11-25 02:00:00,2022-11-25 04:00:00,NULL,0,0,NULL,USLAX,0,MAS AIR,TANDAYAMO INBAGO ANGEL RAMIRO,ZOILA BENALCAZAR MEJIA,TANDAYAMO INBAGO ANGEL RAMIRO,0.000
UIO,EC,US,CUIO00060765,86512763656,865,MXMEX,MASAIR_WW,2,M76854,2022-11-25 02:00:00,2022-11-25 04:00:00,NULL,0,0,NULL,USLAX,0,MAS AIR,FLOR KATY,BELLE BLOOMS FLOWERS INC,FLOR KATY,0.000
UIO,EC,US,CUIO00060765,86512763656,865,MXMEX,MASAIR_WW,2,M76854,2022-11-25 02:00:00,2022-11-25 04:00:00,NULL,0,0,NULL,USLAX,0,MAS AIR,BELLAROSA,FLOWERLINK LLC,BELLAROSA,0.000
UIO,EC,US,CUIO00060765,86512763656,865,MXMEX,MASAIR_WW,2,M76854,2022-11-25 02:00:00,2022-11-25 04:00:00,NULL,0,0,NULL,USLAX,0,MAS AIR,VIOLETA FLOWERS AND FARMS,ZUNIGA FLOWERS,VIOLETA FLOWERS AND FARMS,0.000
UIO,EC,US,CUIO00060765,86512763656,865,MXMEX,MASAIR_WW,2,M76854,2022-11-25 02:00:00,2022-11-25 04:00:00,NULL,0,0,NULL,USLAX,0,MAS AIR,GALA ROSES LLC,GALA JAD,APOLLO FREIGHT ECUADOR AFREC SA,0.000
UIO,EC,US,CUIO00060765,86512763656,865,MXMEX,MASAIR_WW,2,M76854,2022-11-25 02:00:00,2022-11-25 04:00:00,NULL,0,0,NULL,USLAX,0,MAS AIR,FLORECAL SA,FLOWERLINK LLC,FLORECAL SA,0.000
UIO,EC,US,CUIO00060765,86512763656,865,MXMEX,MASAIR_WW,2,M76854,2022-11-25 02:00:00,2022-11-25 04:00:00,NULL,0,0,NULL,USLAX,0,MAS AIR,GROWERS DIRECT FLOWERS INC,GROWERS DIRECT FLOWERS INC,APOLLO FREIGHT ECUADOR AFREC SA,0.000
UIO,EC,US,CUIO00060765,86512763656,865,MXMEX,MASAIR_WW,2,M76854,2022-11-25 02:00:00,2022-11-25 04:00:00,NULL,0,0,NULL,USLAX,0,MAS AIR,POSITANO FARMS SAS,GALA JAD,POSITANO FARMS SAS,0.000
UIO,EC,US,CUIO00060765,86512763656,865,MXMEX,MASAIR_WW,2,M76854,2022-11-25 02:00:00,2022-11-25 04:00:00,NULL,0,0,NULL,USLAX,0,MAS AIR,EXPORTADORA DE FLORES EXPOFLOR CIA LTDA,RAMIREZ WHOLESALE FLOWERS INC.,EXPORTADORA DE FLORES EXPOFLOR CIA LTDA,0.000
UIO,EC,US,CUIO00060765,86512763656,865,MXMEX,MASAIR_WW,2,M76854,2022-11-25 02:00:00,2022-11-25 04:00:00,NULL,0,0,NULL,USLAX,0,MAS AIR,FLORICOLA ALTASCUMBRES C.L.,SARA GARDEN INC,FLORICOLA ALTASCUMBRES C.L.,0.000
UIO,EC,US,CUIO00060765,86512763656,865,MXMEX,MASAIR_WW,2,M76854,2022-11-25 02:00:00,2022-11-25 04:00:00,NULL,0,0,NULL,USLAX,0,MAS AIR,FLORICOLA LATINA FARMS,GROWERS DIRECT FLOWERS INC,FLORICOLA LATINA FARMS,0.000
UIO,EC,US,CUIO00060765,86512763656,865,MXMEX,MASAIR_WW,2,M76854,2022-11-25 02:00:00,2022-11-25 04:00:00,NULL,0,0,NULL,USLAX,0,MAS AIR,AGROGANADERA ESPINOSA CHIRIBOGA SA,RAMIREZ WHOLESALE FLOWERS INC.,AGROGANADERA ESPINOSA CHIRIBOGA SA,0.000
UIO,EC,US,CUIO00060765,86512763656,865,MXMEX,MASAIR_WW,2,M76854,2022-11-25 02:00:00,2022-11-25 04:00:00,NULL,0,0,NULL,USLAX,0,MAS AIR,SANCHEZ CATOTA LOIDA ISABEL / ROSA DE SARON,GROWERS DIRECT FLOWERS INC,SANCHEZ CATOTA LOIDA ISABEL / ROSA DE SARON,0.000
UIO,EC,US,CUIO00060765,86512763656,865,MXMEX,MASAIR_WW,2,M76854,2022-11-25 02:00:00,2022-11-25 04:00:00,NULL,0,0,NULL,USLAX,0,MAS AIR,CAIZAPASTO CABASCANGO PARAISO FLORAL,"THE ROSE CONNECTIONS, INC.",CAIZAPASTO CABASCANGO PARAISO FLORAL,0.000
UIO,EC,US,CUIO00060765,86512763656,865,MXMEX,MASAIR_WW,2,M76854,2022-11-25 02:00:00,2022-11-25 04:00:00,NULL,0,0,NULL,USLAX,0,MAS AIR,AGROGANADERA ESPINOSA CHIRIBOGA SA,RAMIREZ WHOLESALE FLOWERS INC.,AGROGANADERA ESPINOSA CHIRIBOGA SA,0.000
UIO,EC,US,CUIO00060765,86512763656,865,MXMEX,MASAIR_WW,2,M76854,2022-11-25 02:00:00,2022-11-25 04:00:00,NULL,0,0,NULL,USLAX,0,MAS AIR,NATBEAUTY S.A,FLOWERLINK LLC,NATBEAUTY S.A,0.000
UIO,EC,US,CUIO00060765,86512763656,865,MXMEX,MASAIR_WW,2,M76854,2022-11-25 02:00:00,2022-11-25 04:00:00,NULL,0,0,NULL,USLAX,0,MAS AIR,ECOFLOR GROUPCHILE CIA LTDA,SARA GARDEN INC,ECOFLOR GROUPCHILE CIA LTDA,0.000
UIO,EC,US,CUIO00060765,86512763656,865,MXMEX,MASAIR_WW,2,M76854,2022-11-25 02:00:00,2022-11-25 04:00:00,NULL,0,0,NULL,USLAX,0,MAS AIR,FLORICOLA SAN ISIDRO LABRADOR FLORSANI CIA  LTDA,ZUNIGA FLOWERS,FLORICOLA SAN ISIDRO LABRADOR FLORSANI CIA  LTDA,0.000
UIO,EC,US,CUIO00060765,86512763656,865,MXMEX,MASAIR_WW,2,M76854,2022-11-25 02:00:00,2022-11-25 04:00:00,NULL,0,0,NULL,USLAX,0,MAS AIR,AGRICOLA EL ROSARIO AGRIROSE    CIA LTDA,SARA GARDEN INC,AGRICOLA EL ROSARIO AGRIROSE    CIA LTDA,0.000
UIO,EC,US,CUIO00060765,86512763656,865,MXMEX,MASAIR_WW,2,M76854,2022-11-25 02:00:00,2022-11-25 04:00:00,NULL,0,0,NULL,USLAX,0,MAS AIR,VINNYS WHOLESALE PLANTS FLOWERS,VINNYS WHOLESALE PLANTS FLOWERS,APOLLO FREIGHT ECUADOR AFREC SA,0.000
UIO,EC,US,CUIO00060765,86512763656,865,MXMEX,MASAIR_WW,2,M76854,2022-11-25 02:00:00,2022-11-25 04:00:00,NULL,0,0,NULL,USLAX,0,MAS AIR,LANCHIMBA TUTILLO MANUEL CLEMENTE,SARA GARDEN INC,LANCHIMBA TUTILLO MANUEL CLEMENTE,0.000
UIO,EC,US,CUIO00060765,86512763656,865,MXMEX,MASAIR_WW,2,M76854,2022-11-25 02:00:00,2022-11-25 04:00:00,NULL,0,0,NULL,USLAX,0,MAS AIR,AGRICOLA EL ROSARIO AGRIROSE    CIA LTDA,GROWERS DIRECT FLOWERS INC,AGRICOLA EL ROSARIO AGRIROSE    CIA LTDA,0.000
UIO,EC,US,CUIO00060765,86512763656,865,MXMEX,MASAIR_WW,2,M76854,2022-11-25 02:00:00,2022-11-25 04:00:00,NULL,0,0,NULL,USLAX,0,MAS AIR,ROSADEX CIA. LTDA.,SARA GARDEN INC,ROSADEX CIA. LTDA.,0.000
UIO,EC,US,CUIO00060765,86512763656,865,MXMEX,MASAIR_WW,2,M76854,2022-11-25 02:00:00,2022-11-25 04:00:00,NULL,0,0,NULL,USLAX,0,MAS AIR,FLORES DE LA HACIENDA S C C,GROWERS DIRECT FLOWERS INC,FLORES DE LA HACIENDA S C C,0.000
UIO,EC,US,CUIO00060765,86512763656,865,MXMEX,MASAIR_WW,2,M76854,2022-11-25 02:00:00,2022-11-25 04:00:00,NULL,0,0,NULL,USLAX,0,MAS AIR,FLORES PARA EL MUNDO FLORMUNDO CIA LTD,RAMIREZ WHOLESALE FLOWERS INC.,FLORES PARA EL MUNDO FLORMUNDO CIA LTD,0.000
UIO,EC,US,CUIO00060765,86512763656,865,MXMEX,MASAIR_WW,2,M76854,2022-11-25 02:00:00,2022-11-25 04:00:00,NULL,0,0,NULL,USLAX,0,MAS AIR,ROSELY FLOWERS CHANGO TOAPANTA SEGUNDO EMILIANO,VINNYS WHOLESALE PLANTS FLOWERS,ROSELY FLOWERS CHANGO TOAPANTA SEGUNDO EMILIANO,0.000
UIO,EC,US,CUIO00060765,86512763656,865,MXMEX,MASAIR_WW,2,M76854,2022-11-25 02:00:00,2022-11-25 04:00:00,NULL,0,0,NULL,USLAX,0,MAS AIR,KAT ROSSES CUZCO CACUAN PABLO ANIBAL,GROWERS DIRECT FLOWERS INC,KAT ROSSES CUZCO CACUAN PABLO ANIBAL,0.000
LAX,US,US,CLAX00060686,09992082292,099,USLAX,PACAIRLAX,1,K4368,2022-11-25 02:00:00,2022-11-25 04:30:00,NULL,0,0,NULL,USHNL,0,PACIFIC AIR CARGO,FRESHPOINT,ARMSTRONG PRODUCE,FRESHPOINT,0.000
MIA,US,SG,CMIA00060764,23575664175,235,TRISL,TURAIR_WW,2,TK0054,2022-11-25 01:55:00,2022-11-25 17:20:00,NULL,0,0,NULL,SGSIN,0,TURKISH AIRLINES,TROPICAL FOODS LLC,GAN TECK KAR INVESTMENTS PTE LTD.,TROPICAL FOODS LLC,0.000
UIO,EC,ES,CUIO00060833,00657495023,006,ECUIO,DELAIR_WW,1,DL632,2022-11-24 23:55:00,2022-11-25 05:10:00,NULL,0,0,NULL,USATL,1,DELTA AIRLINES,VALTHOMIG SA,VERALEZA S.L.,VALTHOMIG SA,0.000
UIO,EC,ES,CUIO00060833,00657495023,006,ECUIO,DELAIR_WW,1,DL632,2022-11-24 23:55:00,2022-11-25 05:10:00,NULL,0,0,NULL,USATL,1,DELTA AIRLINES,ECOFLOR GROUPCHILE CIA LTDA,VERALEZA S.L.,ECOFLOR GROUPCHILE CIA LTDA,0.000
UIO,EC,ES,CUIO00060833,00657495023,006,ECUIO,DELAIR_WW,1,DL632,2022-11-24 23:55:00,2022-11-25 05:10:00,NULL,0,0,NULL,USATL,1,DELTA AIRLINES,"FLORES Y FRUTAS FLORIFRUT S.A,",VERALEZA S.L.,"FLORES Y FRUTAS FLORIFRUT S.A,",0.000
UIO,EC,ES,CUIO00060833,00657495023,006,ECUIO,DELAIR_WW,1,DL632,2022-11-24 23:55:00,2022-11-25 05:10:00,NULL,0,0,NULL,USATL,1,DELTA AIRLINES,MONTEROSASLIMITADA C L,VERALEZA S.L.,MONTEROSASLIMITADA C L,0.000
UIO,EC,ES,CUIO00060833,00657495023,006,ECUIO,DELAIR_WW,1,DL632,2022-11-24 23:55:00,2022-11-25 05:10:00,NULL,0,0,NULL,USATL,1,DELTA AIRLINES,SOLPACIFIC S.A.,VERALEZA S.L.,SOLPACIFIC S.A.,0.000
UIO,EC,ES,CUIO00060833,00657495023,006,ECUIO,DELAIR_WW,1,DL632,2022-11-24 23:55:00,2022-11-25 05:10:00,NULL,0,0,NULL,USATL,1,DELTA AIRLINES,FLORES DE NAPOLES FLORNAPOL S.A.,VERALEZA S.L.,FLORES DE NAPOLES FLORNAPOL S.A.,0.000
LAX,US,AU,CLAX00060692,26040383162,260,USLAX,FIJAIR_WW,1,FJ811,2022-11-24 23:45:00,2022-11-26 05:00:00,NULL,0,0,NULL,FJNAN,0,FIJI AIRWAYS,SUNRISE MEDICAL US LLC,SUNRISE MEDICAL,SUNRISE MEDICAL US LLC,1113.000
LAX,US,SA,CLAX00060618,17247840866,172,USLAX,CARAIR_WW,1,CV5075,2022-11-24 23:15:00,2022-11-25 22:25:00,NULL,0,0,NULL,LULUX,0,CARGOLUX AIRLINES INTERNATIONAL S.A,FRESHPICK INTERNATIONAL DWC-LLC,DEL MONTE SAUDI ARABIA CO. LTD.,FRESHPICK INTERNATIONAL DWC-LLC,0.000
MIA,US,IN,CMIA00060473,15785660223,157,QADOH,QATAIR_WW,2,QR8622,2022-11-24 22:00:00,2022-11-25 04:40:00,NULL,0,0,NULL,INMAA,0,QATAR AIRWAYS,SYAQUA AMERICAS INC,"HPL-APOLLO, LLC",SYAQUA AMERICAS INC,4248.000
LAX,US,AE,CLAX00060745,01465470075,014,CAYYZ,AIRCAN_WW,2,AC056,2022-11-24 21:25:00,2022-11-25 19:35:00,NULL,0,0,NULL,AEDXB,0,AIR CANADA,CASTLE FRUIT COMPANY,NRTC DUBAI INTERNATIONAL VEGETABLES AND FRUITS TRADING (L.L.C),CASTLE FRUIT COMPANY,4400.000
UIO,EC,US,CUIO00060840,72947201092,729,ECUIO,AVICAR_WW,1,QT4030,2022-11-24 21:00:00,2022-11-25 01:37:00,NULL,0,0,NULL,USMIA,1,AVIANCA CARGO,NEVADO ECUADOR ROSAS DE EXPORTACION,JET FRESH FLOWER DISTRIBUTORS INC,NEVADO ECUADOR ROSAS DE EXPORTACION,0.000
UIO,EC,US,CUIO00060836,72947201081,729,ECUIO,AVICAR_WW,1,QT4030,2022-11-24 21:00:00,2022-11-25 01:37:00,NULL,0,0,NULL,USMIA,1,AVIANCA CARGO,EQR EQUATOROSES C.A.,"WAL-MART STORES, INC.",EQR EQUATOROSES C.A.,0.000
UIO,EC,US,CUIO00060834,72947174120,729,ECUIO,AVICAR_WW,1,QT4030,2022-11-24 21:00:00,2022-11-25 01:37:00,NULL,0,0,NULL,USMIA,1,AVIANCA CARGO,FLORICOLA SAN ISIDRO LABRADOR FLORSANI CIA  LTDA,GALLERIA FARMS 8032,FLORICOLA SAN ISIDRO LABRADOR FLORSANI CIA  LTDA,0.000
UIO,EC,US,CUIO00060834,72947174120,729,ECUIO,AVICAR_WW,1,QT4030,2022-11-24 21:00:00,2022-11-25 01:37:00,NULL,0,0,NULL,USMIA,1,AVIANCA CARGO,FLORISOL CIA LTDA,GALLERIA FARMS 70,FLORISOL CIA LTDA,0.000
